2017-12-15 15:05:47.857,adjust_s1,secondhalfd,d,5,0,0,N/A,0,0,N/A,4:57
2017-12-15 15:05:49.193,click-right,secondhalfd,d,5,0,0,N/A,10,10,N/A,4:56
2017-12-15 15:05:53.353,click-right,secondhalfd,d,5,0,0,N/A,2,5,N/A,4:52
2017-12-15 15:05:59.441,click-right,secondhalfd,d,5,0,0,N/A,3,7,N/A,4:46
2017-12-15 15:06:02.393,click-right,secondhalfd,d,5,0,0,N/A,7,7,N/A,4:43
2017-12-15 15:06:04.201,click-right,secondhalfd,d,5,0,0,N/A,1,2,N/A,4:41
2017-12-15 15:06:05.825,click-right,secondhalfd,d,5,0,0,N/A,0,0,N/A,4:39
2017-12-15 15:06:06.969,click-right,secondhalfd,d,5,0,0,N/A,10,10,N/A,4:38
2017-12-15 15:06:08.353,click-right,secondhalfd,d,5,0,0,N/A,2,5,N/A,4:37
2017-12-15 15:06:10.819,click-right,secondhalfd,d,5,0,0,N/A,3,7,N/A,4:34
2017-12-15 15:06:13.515,click-right,secondhalfd,d,5,0,0,N/A,7,7,N/A,4:32
2017-12-15 15:06:16.850,click-right,secondhalfd,d,5,0,0,N/A,1,2,N/A,4:28
2017-12-15 15:06:20.394,click-right,secondhalfd,d,5,0,0,N/A,0,0,N/A,4:25
2017-12-15 15:06:22.362,click-right,secondhalfd,d,5,0,0,N/A,10,10,N/A,4:23
2017-12-15 15:06:23.739,click-right,secondhalfd,d,5,0,0,N/A,2,5,N/A,4:21
2017-12-15 15:06:26.994,click-right,secondhalfd,d,5,0,0,N/A,3,7,N/A,4:18
2017-12-15 15:06:30.138,click-right,secondhalfd,d,5,0,0,N/A,7,7,N/A,4:15
2017-12-15 15:06:32.778,adjust_s1,secondhalfd,d,5,7.6,0,N/A,7,7,N/A,4:12
2017-12-15 15:06:33.562,adjust_s2,secondhalfd,d,5,7.6,7.6,N/A,7,7,N/A,4:11
2017-12-15 15:06:34.074,adjust_s1,secondhalfd,d,5,7,7.6,N/A,7,7,N/A,4:11
2017-12-15 15:06:35.250,adjust_s2,secondhalfd,d,5,7,6.9,N/A,7,7,N/A,4:10
2017-12-15 15:06:35.858,adjust_s2,secondhalfd,d,5,7,7.1,N/A,7,7,N/A,4:09
2017-12-15 15:06:37.178,adjust_s2,secondhalfd,d,5,7,7.1,N/A,7,7,N/A,4:08
2017-12-15 15:06:37.778,adjust_s2,secondhalfd,d,5,7,7.1,N/A,7,7,N/A,4:07
2017-12-15 15:06:39.706,adjust_s2,secondhalfd,d,5,7,7,N/A,7,7,N/A,4:05
2017-12-15 15:06:41.370,click-right,secondhalfd,d,5,7,7,N/A,1,2,N/A,4:04
2017-12-15 15:06:46.282,click-left,secondhalfd,d,5,7,7,N/A,7,7,N/A,3:59
2017-12-15 15:06:48.642,click-left,secondhalfd,d,5,7,7,N/A,3,7,N/A,3:56
2017-12-15 15:06:57.266,click-left,secondhalfd,d,5,7,7,N/A,2,5,N/A,3:48
2017-12-15 15:06:58.194,click-left,secondhalfd,d,5,7,7,N/A,10,10,N/A,3:47
2017-12-15 15:07:04.906,click-left,secondhalfd,d,5,7,7,N/A,0,0,N/A,3:40
2017-12-15 15:07:06.218,click-left,secondhalfd,d,5,7,7,N/A,1,2,N/A,3:39
2017-12-15 15:07:13.068,click-left,secondhalfd,d,5,7,7,N/A,7,7,N/A,3:32
2017-12-15 15:07:14.460,click-left,secondhalfd,d,5,7,7,N/A,3,7,N/A,3:31
2017-12-15 15:07:18.572,click-left,secondhalfd,d,5,7,7,N/A,2,5,N/A,3:26
2017-12-15 15:07:19.780,click-left,secondhalfd,d,5,7,7,N/A,10,10,N/A,3:25
2017-12-15 15:07:20.412,click-left,secondhalfd,d,5,7,7,N/A,0,0,N/A,3:25
2017-12-15 15:07:21.020,click-left,secondhalfd,d,5,7,7,N/A,1,2,N/A,3:24
2017-12-15 15:07:21.812,click-left,secondhalfd,d,5,7,7,N/A,7,7,N/A,3:23
2017-12-15 15:07:22.572,click-left,secondhalfd,d,5,7,7,N/A,3,7,N/A,3:22
2017-12-15 15:07:23.132,click-left,secondhalfd,d,5,7,7,N/A,2,5,N/A,3:22
2017-12-15 15:07:23.676,click-left,secondhalfd,d,5,7,7,N/A,10,10,N/A,3:21
2017-12-15 15:07:26.164,click-left,secondhalfd,d,5,7,7,N/A,0,0,N/A,3:19
2017-12-15 15:07:26.676,click-left,secondhalfd,d,5,7,7,N/A,1,2,N/A,3:18
2017-12-15 15:07:27.172,click-left,secondhalfd,d,5,7,7,N/A,7,7,N/A,3:18
2017-12-15 15:07:27.924,click-left,secondhalfd,d,5,7,7,N/A,3,7,N/A,3:17
2017-12-15 15:07:28.892,click-left,secondhalfd,d,5,7,7,N/A,2,5,N/A,3:16
2017-12-15 15:07:29.468,click-left,secondhalfd,d,5,7,7,N/A,10,10,N/A,3:16
2017-12-15 15:07:30.148,click-left,secondhalfd,d,5,7,7,N/A,0,0,N/A,3:15
2017-12-15 15:07:30.668,click-left,secondhalfd,d,5,7,7,N/A,1,2,N/A,3:14
2017-12-15 15:07:31.268,click-left,secondhalfd,d,5,7,7,N/A,7,7,N/A,3:14
