2017-12-15 15:13:32.628,click-right,secondhalfd,d,7,0,N/A,N/A,10,N/A,N/A,5:00
2017-12-15 15:13:44.107,click-right,secondhalfd,d,7,0,N/A,N/A,2,N/A,N/A,4:48
2017-12-15 15:14:00.827,click-right,secondhalfd,d,7,0,N/A,N/A,5,N/A,N/A,4:31
2017-12-15 15:14:06.227,click-right,secondhalfd,d,7,0,N/A,N/A,7,N/A,N/A,4:26
2017-12-15 15:14:13.907,click-right,secondhalfd,d,7,0,N/A,N/A,1,N/A,N/A,4:18
2017-12-15 15:14:30.268,click-right,secondhalfd,d,7,0,N/A,N/A,0,N/A,N/A,4:02
2017-12-15 15:14:41.532,click-left,secondhalfd,d,7,0,N/A,N/A,1,N/A,N/A,3:51
2017-12-15 15:14:45.516,click-left,secondhalfd,d,7,0,N/A,N/A,7,N/A,N/A,3:47
2017-12-15 15:14:54.668,click-left,secondhalfd,d,7,0,N/A,N/A,5,N/A,N/A,3:38
2017-12-15 15:15:00.860,click-left,secondhalfd,d,7,0,N/A,N/A,2,N/A,N/A,3:31
2017-12-15 15:15:09.796,click-left,secondhalfd,d,7,0,N/A,N/A,10,N/A,N/A,3:23
2017-12-15 15:15:12.772,click-right,secondhalfd,d,7,0,N/A,N/A,2,N/A,N/A,3:20
2017-12-15 15:15:17.388,adjust_s1,secondhalfd,d,7,1.1,N/A,N/A,2,N/A,N/A,3:15
2017-12-15 15:15:17.924,adjust_s1,secondhalfd,d,7,1.7,N/A,N/A,2,N/A,N/A,3:14
2017-12-15 15:15:18.260,adjust_s1,secondhalfd,d,7,2.2,N/A,N/A,2,N/A,N/A,3:14
2017-12-15 15:15:19.388,adjust_s1,secondhalfd,d,7,2.1,N/A,N/A,2,N/A,N/A,3:13
2017-12-15 15:15:25.444,adjust_s1,secondhalfd,d,7,3,N/A,N/A,2,N/A,N/A,3:07
2017-12-15 15:15:30.718,click-right,secondhalfd,d,7,3,N/A,N/A,5,N/A,N/A,3:02
