2017-12-15 15:17:31.785,click-right,secondhalfd,d,8,0,0,N/A,10,10,N/A,4:42
2017-12-15 15:17:38.320,click-right,secondhalfd,d,8,0,0,N/A,2,5,N/A,4:36
2017-12-15 15:17:49.848,click-right,secondhalfd,d,8,0,0,N/A,3,7,N/A,4:24
2017-12-15 15:17:54.088,click-left,secondhalfd,d,8,0,0,N/A,2,5,N/A,4:20
2017-12-15 15:17:56.000,click-right,secondhalfd,d,8,0,0,N/A,3,7,N/A,4:18
2017-12-15 15:18:02.208,click-left,secondhalfd,d,8,0,0,N/A,2,5,N/A,4:12
2017-12-15 15:18:05.640,click-right,secondhalfd,d,8,0,0,N/A,3,7,N/A,4:08
2017-12-15 15:18:10.216,click-right,secondhalfd,d,8,0,0,N/A,7,3,N/A,4:04
2017-12-15 15:18:19.944,click-left,secondhalfd,d,8,0,0,N/A,3,7,N/A,3:54
2017-12-15 15:18:23.160,click-right,secondhalfd,d,8,0,0,N/A,7,3,N/A,3:51
2017-12-15 15:18:25.496,click-right,secondhalfd,d,8,0,0,N/A,1,2,N/A,3:49
2017-12-15 15:18:30.592,click-left,secondhalfd,d,8,0,0,N/A,7,3,N/A,3:43
2017-12-15 15:18:33.401,click-left,secondhalfd,d,8,0,0,N/A,3,7,N/A,3:41
2017-12-15 15:18:39.145,click-right,secondhalfd,d,8,0,0,N/A,7,3,N/A,3:35
2017-12-15 15:18:43.889,click-left,secondhalfd,d,8,0,0,N/A,3,7,N/A,3:30
2017-12-15 15:18:50.321,click-right,secondhalfd,d,8,0,0,N/A,7,3,N/A,3:24
2017-12-15 15:18:51.161,click-right,secondhalfd,d,8,0,0,N/A,1,2,N/A,3:23
2017-12-15 15:18:53.497,click-right,secondhalfd,d,8,0,0,N/A,0,0,N/A,3:21
2017-12-15 15:18:54.881,click-right,secondhalfd,d,8,0,0,N/A,10,10,N/A,3:19
2017-12-15 15:19:00.001,click-right,secondhalfd,d,8,0,0,N/A,2,5,N/A,3:14
2017-12-15 15:19:07.553,click-right,secondhalfd,d,8,0,0,N/A,3,7,N/A,3:06
2017-12-15 15:19:11.345,click-left,secondhalfd,d,8,0,0,N/A,2,5,N/A,3:03
2017-12-15 15:19:16.017,adjust_s1,secondhalfd,d,8,1.3,0,N/A,2,5,N/A,2:58
2017-12-15 15:19:17.081,adjust_s1,secondhalfd,d,8,1.6,0,N/A,2,5,N/A,2:57
2017-12-15 15:19:17.977,adjust_s1,secondhalfd,d,8,1.6,0,N/A,2,5,N/A,2:56
2017-12-15 15:19:19.473,adjust_s1,secondhalfd,d,8,2,0,N/A,2,5,N/A,2:55
2017-12-15 15:19:20.297,adjust_s2,secondhalfd,d,8,2,4.7,N/A,2,5,N/A,2:54
2017-12-15 15:19:24.633,adjust_s2,secondhalfd,d,8,2,5,N/A,2,5,N/A,2:49
2017-12-15 15:19:26.497,click-right,secondhalfd,d,8,2,5,N/A,3,7,N/A,2:48
2017-12-15 15:19:32.465,click-left,secondhalfd,d,8,2,5,N/A,2,5,N/A,2:42
