2017-12-15 15:22:02.868,click-right,secondhalfd,d,9,0,0,0,10,10,10,4:58
2017-12-15 15:22:06.435,click-right,secondhalfd,d,9,0,0,0,2,5,1,4:55
2017-12-15 15:22:12.851,click-right,secondhalfd,d,9,0,0,0,3,7,7,4:48
2017-12-15 15:22:16.283,click-left,secondhalfd,d,9,0,0,0,2,5,1,4:45
2017-12-15 15:22:18.955,click-right,secondhalfd,d,9,0,0,0,3,7,7,4:42
2017-12-15 15:22:24.731,click-left,secondhalfd,d,9,0,0,0,2,5,1,4:36
2017-12-15 15:22:26.611,click-right,secondhalfd,d,9,0,0,0,3,7,7,4:34
2017-12-15 15:22:28.739,click-right,secondhalfd,d,9,0,0,0,7,7,3,4:32
2017-12-15 15:22:34.765,click-left,secondhalfd,d,9,0,0,0,3,7,7,4:26
2017-12-15 15:22:37.333,click-right,secondhalfd,d,9,0,0,0,7,7,3,4:24
2017-12-15 15:22:38.165,click-right,secondhalfd,d,9,0,0,0,1,2,1,4:23
2017-12-15 15:22:50.669,click-right,secondhalfd,d,9,0,0,0,0,0,0,4:10
2017-12-15 15:22:51.869,click-right,secondhalfd,d,9,0,0,0,10,10,10,4:09
2017-12-15 15:22:54.333,click-right,secondhalfd,d,9,0,0,0,2,5,1,4:07
2017-12-15 15:22:59.693,click-right,secondhalfd,d,9,0,0,0,3,7,7,4:01
2017-12-15 15:23:02.957,click-right,secondhalfd,d,9,0,0,0,7,7,3,3:58
2017-12-15 15:23:07.125,click-left,secondhalfd,d,9,0,0,0,3,7,7,3:54
2017-12-15 15:23:10.685,adjust_s1,secondhalfd,d,9,2.7,0,0,3,7,7,3:50
2017-12-15 15:23:13.493,adjust_s1,secondhalfd,d,9,3,0,0,3,7,7,3:48
2017-12-15 15:23:14.701,adjust_s2,secondhalfd,d,9,3,7.1,0,3,7,7,3:46
2017-12-15 15:23:15.469,adjust_s3,secondhalfd,d,9,3,7.1,7.3,3,7,7,3:46
2017-12-15 15:23:16.821,adjust_s3,secondhalfd,d,9,3,7.1,7,3,7,7,3:44
2017-12-15 15:23:18.901,adjust_s2,secondhalfd,d,9,3,7,7,3,7,7,3:42
2017-12-15 15:23:20.229,click-right,secondhalfd,d,9,3,7,7,7,7,3,3:41
2017-12-15 15:23:22.621,click-right,secondhalfd,d,9,3,7,7,1,2,1,3:38
2017-12-15 15:23:30.469,click-right,secondhalfd,d,9,3,7,7,0,0,0,3:31
2017-12-15 15:23:30.981,click-right,secondhalfd,d,9,3,7,7,10,10,10,3:30
2017-12-15 15:23:31.493,click-right,secondhalfd,d,9,3,7,7,2,5,1,3:30
2017-12-15 15:23:32.188,click-right,secondhalfd,d,9,3,7,7,3,7,7,3:29
2017-12-15 15:23:35.862,click-left,secondhalfd,d,9,3,7,7,2,5,1,3:25
2017-12-15 15:23:36.038,click-left,secondhalfd,d,9,3,7,7,10,10,10,3:25
2017-12-15 15:23:36.710,click-left,secondhalfd,d,9,3,7,7,0,0,0,3:24
2017-12-15 15:23:39.150,click-left,secondhalfd,d,9,3,7,7,1,2,1,3:22
2017-12-15 15:23:42.958,click-left,secondhalfd,d,9,3,7,7,7,7,3,3:18
2017-12-15 15:23:43.590,click-left,secondhalfd,d,9,3,7,7,3,7,7,3:17
2017-12-15 15:23:44.094,click-left,secondhalfd,d,9,3,7,7,2,5,1,3:17
2017-12-15 15:23:52.398,click-left,secondhalfd,d,9,3,7,7,10,10,10,3:09
2017-12-15 15:23:54.974,click-left,secondhalfd,d,9,3,7,7,0,0,0,3:06
2017-12-15 15:23:57.470,click-left,secondhalfd,d,9,3,7,7,1,2,1,3:04
2017-12-15 15:24:05.094,click-left,secondhalfd,d,9,3,7,7,7,7,3,2:56
2017-12-15 15:24:11.638,click-left,secondhalfd,d,9,3,7,7,3,7,7,2:49
2017-12-15 15:24:12.446,click-left,secondhalfd,d,9,3,7,7,2,5,1,2:49
2017-12-15 15:24:17.718,click-left,secondhalfd,d,9,3,7,7,10,10,10,2:43
2017-12-15 15:24:18.598,click-left,secondhalfd,d,9,3,7,7,0,0,0,2:42
2017-12-15 15:24:19.710,click-left,secondhalfd,d,9,3,7,7,1,2,1,2:41
2017-12-15 15:24:20.374,click-left,secondhalfd,d,9,3,7,7,7,7,3,2:41
2017-12-15 15:24:23.694,click-left,secondhalfd,d,9,3,7,7,3,7,7,2:37
2017-12-15 15:24:32.750,click-left,secondhalfd,d,9,3,7,7,2,5,1,2:28
2017-12-15 15:24:39.559,click-right,secondhalfd,d,9,3,7,7,3,7,7,2:21
2017-12-15 15:24:46.951,click-right,secondhalfd,d,9,3,7,7,7,7,3,2:14
2017-12-15 15:24:48.719,click-right,secondhalfd,d,9,3,7,7,1,2,1,2:12
2017-12-15 15:24:50.031,click-right,secondhalfd,d,9,3,7,7,0,0,0,2:11
2017-12-15 15:24:50.767,click-right,secondhalfd,d,9,3,7,7,10,10,10,2:10
2017-12-15 15:24:52.895,click-right,secondhalfd,d,9,3,7,7,2,5,1,2:08
2017-12-15 15:24:54.847,click-right,secondhalfd,d,9,3,7,7,3,7,7,2:06
2017-12-15 15:25:01.136,click-right,secondhalfd,d,9,3,7,7,7,7,3,2:00
2017-12-15 15:25:04.431,click-right,secondhalfd,d,9,3,7,7,1,2,1,1:57
2017-12-15 15:25:17.911,click-right,secondhalfd,d,9,3,7,7,0,0,0,1:43
2017-12-15 15:25:19.743,click-right,secondhalfd,d,9,3,7,7,10,10,10,1:41
2017-12-15 15:25:21.279,click-right,secondhalfd,d,9,3,7,7,2,5,1,1:40
2017-12-15 15:25:32.959,click-right,secondhalfd,d,9,3,7,7,3,7,7,1:28
2017-12-15 15:25:38.224,click-right,secondhalfd,d,9,3,7,7,7,7,3,1:23
2017-12-15 15:25:40.808,click-right,secondhalfd,d,9,3,7,7,1,2,1,1:20
2017-12-15 15:25:42.240,click-right,secondhalfd,d,9,3,7,7,0,0,0,1:19
2017-12-15 15:25:42.832,click-right,secondhalfd,d,9,3,7,7,10,10,10,1:18
2017-12-15 15:25:48.120,click-right,secondhalfd,d,9,3,7,7,2,5,1,1:13
2017-12-15 15:25:51.744,click-right,secondhalfd,d,9,3,7,7,3,7,7,1:09
2017-12-15 15:25:54.800,click-right,secondhalfd,d,9,3,7,7,7,7,3,1:06
2017-12-15 15:26:00.104,click-left,secondhalfd,d,9,3,7,7,3,7,7,1:01
2017-12-15 15:26:10.400,click-left,secondhalfd,d,9,3,7,7,2,5,1,0:51
2017-12-15 15:26:13.336,click-left,secondhalfd,d,9,3,7,7,10,10,10,0:48
2017-12-15 15:26:14.440,click-left,secondhalfd,d,9,3,7,7,0,0,0,0:47
2017-12-15 15:26:15.048,click-left,secondhalfd,d,9,3,7,7,1,2,1,0:46
2017-12-15 15:26:15.616,click-left,secondhalfd,d,9,3,7,7,7,7,3,0:45
2017-12-15 15:26:16.448,click-left,secondhalfd,d,9,3,7,7,3,7,7,0:45
2017-12-15 15:26:19.136,click-right,secondhalfd,d,9,3,7,7,7,7,3,0:42
