2017-12-15 15:09:36.270,click-right,secondhalfd,d,6,0,0,0,10,10,10,5:00
2017-12-15 15:09:38.590,click-right,secondhalfd,d,6,0,0,0,2,5,1,4:57
2017-12-15 15:10:00.766,click-right,secondhalfd,d,6,0,0,0,3,7,7,4:35
2017-12-15 15:10:09.854,click-left,secondhalfd,d,6,0,0,0,2,5,1,4:26
2017-12-15 15:10:12.254,click-right,secondhalfd,d,6,0,0,0,3,7,7,4:24
2017-12-15 15:10:14.430,click-left,secondhalfd,d,6,0,0,0,2,5,1,4:21
2017-12-15 15:10:17.654,click-right,secondhalfd,d,6,0,0,0,3,7,7,4:18
2017-12-15 15:10:18.838,click-right,secondhalfd,d,6,0,0,0,7,7,3,4:17
2017-12-15 15:10:25.326,click-left,secondhalfd,d,6,0,0,0,3,7,7,4:10
2017-12-15 15:10:27.536,click-right,secondhalfd,d,6,0,0,0,7,7,3,4:08
2017-12-15 15:10:29.032,click-left,secondhalfd,d,6,0,0,0,3,7,7,4:07
2017-12-15 15:10:30.752,click-right,secondhalfd,d,6,0,0,0,7,7,3,4:05
2017-12-15 15:10:32.680,click-left,secondhalfd,d,6,0,0,0,3,7,7,4:03
2017-12-15 15:10:34.144,click-right,secondhalfd,d,6,0,0,0,7,7,3,4:02
2017-12-15 15:10:36.552,click-left,secondhalfd,d,6,0,0,0,3,7,7,3:59
2017-12-15 15:10:40.848,click-right,secondhalfd,d,6,0,0,0,7,7,3,3:55
2017-12-15 15:10:42.776,adjust_s1,secondhalfd,d,6,6.8,0,0,7,7,3,3:53
2017-12-15 15:10:43.960,adjust_s1,secondhalfd,d,6,7,0,0,7,7,3,3:52
2017-12-15 15:10:44.584,adjust_s2,secondhalfd,d,6,7,7.1,0,7,7,3,3:51
2017-12-15 15:10:45.496,adjust_s2,secondhalfd,d,6,7,7.1,0,7,7,3,3:50
2017-12-15 15:10:46.904,adjust_s2,secondhalfd,d,6,7,7,0,7,7,3,3:49
2017-12-15 15:10:47.496,adjust_s3,secondhalfd,d,6,7,7,4.1,7,7,3,3:48
2017-12-15 15:10:48.992,adjust_s3,secondhalfd,d,6,7,7,3,7,7,3,3:47
2017-12-15 15:10:50.920,click-right,secondhalfd,d,6,7,7,3,1,2,1,3:45
2017-12-15 15:10:58.912,click-right,secondhalfd,d,6,7,7,3,0,0,0,3:37
2017-12-15 15:11:00.784,click-right,secondhalfd,d,6,7,7,3,10,10,10,3:35
2017-12-15 15:11:06.352,click-right,secondhalfd,d,6,7,7,3,2,5,1,3:29
2017-12-15 15:11:10.656,click-right,secondhalfd,d,6,7,7,3,3,7,7,3:25
2017-12-15 15:11:14.184,click-right,secondhalfd,d,6,7,7,3,7,7,3,3:22
2017-12-15 15:11:20.496,click-right,secondhalfd,d,6,7,7,3,1,2,1,3:15
